Game,View Count,Like Count,Comment Count,Subscriber Count,SoV_Views,SoV_Likes,SoV_Comments,SoV_Subscriber
Axie Infinity,218032,7942,2411,1882590,74.70431029,58.96503081,67.40285155,51.04153647
Pixels Online,40971,1890,687,773590,14.03789488,14.03222214,19.20603858,20.97388289
Apeiron,30055,3531,368,1031606,10.29774549,26.2157547,10.2879508,27.96931635
The Machines Arena,2802,106,111,563,0.960049339,0.786992353,3.103159072,0.015264282
