Game,View Count,Like Count,Comment Count,Subscriber Count,SoV_Views,SoV_Likes,SoV_Comments,SoV_Subscriber
Axie Infinity,42670,1544,424,555334,79.465882,75.46432063,82.49027237,54.75737843
Pixels Online,6953,293,15,95891,12.948823,14.32062561,2.918287938,9.45510229
Wild Forest,1341,118,56,50673,2.497392729,5.767350929,10.89494163,4.996489747
Kaidro,1326,38,8,209261,2.469457688,1.857282502,1.556420233,20.63367949
Apeiron,886,35,8,101737,1.650029797,1.710654936,1.556420233,10.03153311
The Machines Arena,520,18,3,1276,0.968414779,0.879765396,0.583657588,0.125816923
