Game,View Count,Like Count,Comment Count,Subscriber Count,SoV_Views,SoV_Likes,SoV_Comments,SoV_Subscriber
Axie Infinity,33763,1562,472,699846,47.48663854,49.43037975,67.6217765,51.81185198
Pixels Online,33120,1398,195,633062,46.58227848,44.24050633,27.93696275,46.8676175
Apeiron,2762,146,21,15400,3.88466948,4.620253165,3.008595989,1.140111568
The Machines Arena,1413,49,8,1878,1.987341772,1.550632911,1.146131805,0.139034385
Battle Bears,42,5,2,559,0.05907173,0.158227848,0.286532951,0.041384569
