Game,View Count,Like Count,Comment Count,Subscriber Count,SoV_Views,SoV_Likes,SoV_Comments,SoV_Subscriber
Axie Infinity,38030,1964,402,440592,53.34174907,57.56154748,45.27027027,31.5296374
Pixels,29391,1319,445,828588,41.2244898,38.65767878,50.11261261,59.29540071
The Machines Arena,2454,51,33,108677,3.442036608,1.494724502,3.716216216,7.777141671
Apeiron,1332,64,3,8170,1.868293709,1.875732708,0.337837838,0.584661404
Wild Forest,88,14,5,11363,0.123430816,0.41031653,0.563063063,0.813158818
