Game,View Count,Like Count,Comment Count,Subscriber Count,SoV_Views,SoV_Likes,SoV_Comments,SoV_Subscriber
Axie Infinity,238179,8176,2527,2184879,73.0117712,74.34078923,81.09756098,52.12599969
Pixels Online,60030,1673,336,1176955,18.40169211,15.2118567,10.7830552,28.07933802
Apeiron,26219,1053,232,816697,8.03721415,9.574468085,7.445442875,19.48444173
The Machines Arena,1743,90,21,12209,0.534302005,0.818330606,0.67394095,0.291277609
Battle Bears,49,6,0,794,0.015020538,0.054555374,0,0.018942945
