Game,View Count,Like Count,Comment Count,Subscriber Count,SoV_Views,SoV_Likes,SoV_Comments,SoV_Subscriber
Axie Infinity,209103,7734,2383,1902921,73.16614881,61.51276545,76.82140554,55.55324926
Pixels Online,46131,1792,501,805652,16.14145952,14.25276386,16.15087041,23.51993928
Apeiron,30543,3046,218,716709,10.6871431,24.22651714,7.027724049,20.92336661
Battle Bears,15,1,0,118,0.005248572,0.007953551,0,0.003444853
