Game,View Count,Like Count,Comment Count,Subscriber Count,SoV_Views,SoV_Likes,SoV_Comments,SoV_Subscriber
Axie Infinity,117245,4306,1153,1239528,55.37764679,53.37134358,46.34244373,20.57949349
Pixels Online,53834,1736,585,541555,25.42709913,21.51710461,23.51286174,8.99126732
Apeiron,13329,705,110,162203,6.295608802,8.738225087,4.421221865,2.693005388
The Machines Arena,2858,42,118,58046,1.349902465,0.520575112,4.742765273,0.96371948
Battle Bears,655,60,38,41267,0.309372328,0.743678731,1.52733119,0.685143021
