Game,View Count,Like Count,Comment Count,Subscriber Count,SoV_Views,SoV_Likes,SoV_Comments,SoV_Subscriber
Axie Infinity,376469,8042,1985,2768299,87.14560185,73.71219065,70.84225553,69.15502092
Pixels Online,39847,1885,480,780887,9.223842593,17.27772686,17.13062099,19.50737865
Apeiron,7417,365,81,305975,1.716898148,3.345554537,2.890792291,7.643577347
Wild Forest,5526,463,191,97285,1.279166667,4.243813016,6.8165596,2.430281631
The Machines Arena,2741,155,65,50588,0.634490741,1.42071494,2.319771592,1.263741452
