Game,View Count,Like Count,Comment Count,Subscriber Count,SoV_Views,SoV_Likes,SoV_Comments,SoV_Subscriber
Axie Infinity,106823,3741,1154,1411369,49.95417177,39.7218093,50.04336513,43.28906591
Pixels Online,53507,1956,616,1029376,25.02174503,20.76874071,26.71292281,31.5726968
Wild Forest,47493,3395,467,502522,22.20938824,36.0479932,20.25151778,15.41319668
Apeiron,3028,136,26,178079,1.415998728,1.444043321,1.127493495,5.461983059
The Machines Arena,2986,189,43,138861,1.396358059,2.006795498,1.864700781,4.259100902
Battle Bears,5,1,0,129,0.002338175,0.010617966,0,0.003956647
Other,0,0,0,0,0,0,0,0
