Game,View Count,Like Count,Comment Count,Subscriber Count,SoV_Views,SoV_Likes,SoV_Comments,SoV_Subscriber
Ronin Games,125170,5408,1412,1848498,69.56420188,63.96305383,66.47940075,49.15262233
Illuvium,14786,780,160,242682,9.593138304,11.25703565,9.987515605,9.540841921
The Sandbox,14396,542,133,748425,9.340106792,7.822196565,8.302122347,29.42371
Splinterlands,8148,756,152,85317,5.286412208,10.91066532,9.488139825,3.354167224
Decentraland,5001,307,70,132906,3.244642544,4.430653774,4.369538077,5.225089361
Deadrop,2497,41,10,33795,1.620050477,0.591716,0.624219725,1.328622447
Spider Tanks,1394,39,10,3435,0.904425456,0.562851782,0.624219725,0.135044181
League Kingdoms,332,16,2,44981,0.215401185,0.230913552,0.124843945,1.768390777
Parallel TCG,138,5,0,761,0.089534,0.07216,0,0.029918085
