Game,View Count,Like Count,Comment Count,Subscriber Count,SoV_Views,SoV_Likes,SoV_Comments,SoV_Subscriber
Axie Infinity,76631,2898,979,829949,71.60236585,57.97159432,66.91729,43.520432
Apeiron,22947,1715,322,1007979,21.44118554,34.30686137,22.00956938,52.85587612
Pixels Online,7273,374,161,67458,6.795735496,7.481496299,11.00478469,3.537327356
The Machines Arena,88,12,1,1169,0.082225,0.24004801,0.068353,0.061299
Battle Bears,84,0,0,478,0.078488,0,0,0.025065114
