Game,View Count,Like Count,Comment Count,Subscriber Count,SoV_Views,SoV_Likes,SoV_Comments,SoV_Subscriber
Axie Infinity,88266,4375,915,2415748,86.04181897938295,84.18318260534924,83.03085299455535,87.42823785132826
Apeiron,11311,586,131,236630,11.025978456889408,11.27573600153935,11.88747731397459,8.563866728963372
Pixels Online,2419,162,44,5106,2.358044548423259,3.117182990186646,3.9927404718693285,0.18479103882891845
Battle Bears,573,73,12,103137,0.5585611931568942,1.404656533,1.0889292196007259,3.7326269823145637
The Machines Aren,16,1,0,2500,0.015596822147487449,0.01924187,0,0.090477399
