Game,View Count,Like Count,Comment Count,Subscriber Count,SoV_Views,SoV_Likes,SoV_Comments,SoV_Subscriber
Axie Infinity,37095,1650,410,688300,78.12434186,69.62025316,73.21428571,59.04626935
Apeiron,4206,308,68,169980,8.858093593,12.99578059,12.14285714,14.58184638
Pixels Online,3277,227,18,95824,6.901562697,9.578059072,3.214285714,8.220325025
Wild Forest,1778,102,46,134782,3.744576892,4.303797468,8.214285714,11.56236274
The Machines Arena,1110,81,18,76685,2.337727981,3.417721519,3.214285714,6.57847329
Battle Bears,16,2,0,125,0.03369698,0.084388186,0,0.010723207
