Game,View Count,Like Count,Comment Count,Subscriber Count,SoV_Views,SoV_Likes,SoV_Comments,SoV_Subscriber
Axie Infinity,191194,7777,2792,2085153,68.36169908,64.12434037,75.45945946,54.38346843
Pixels Online,61375,2416,528,1222150,21.94472254,19.92084433,14.27027027,31.87524174
Apeiron,14160,1415,109,382880,5.062929062,11.66721636,2.945945946,9.986002175
The Machines Arena,12535,497,262,61494,4.481907895,4.097955145,7.081081081,1.603842503
Battle Bears,416,23,9,82490,0.148741419,0.189643799,0.243243243,2.151445151
