Game,View Count,Like Count,Comment Count,Subscriber Count,SoV_Views,SoV_Likes,SoV_Comments,SoV_Subscriber
Axie Infinity,77393,2638,774,1335018,91.3547458,85.34454869,91.16607774,80.97230966
Pixels Online,4377,317,46,122857,5.166613549,10.25558072,5.418138987,7.451596194
Apeiron,2628,128,28,178569,3.10209285,4.141054675,3.297997644,10.83067372
Battle Bears,285,8,1,12285,0.336414179,0.258815917,0.11778563,0.745117163
The Machines Arena,34,0,0,5,0.040133621,0,0,0.000303263
