Game,View Count,Like Count,Comment Count,Subscriber Count,SoV_Views,SoV_Likes,SoV_Comments,SoV_Subscriber
Axie Infinity,17012,861,193,278860,44.39573058,43.46289753,44.77958237,28.86211679
Pixels,12670,524,119,292138,33.06453717,26.45128723,27.61020882,30.23639487
Apeiron,5873,412,35,343160,15.32660038,20.79757698,8.120649652,35.51719141
The Machines Arena,1646,62,44,8686,4.295519194,3.129732458,10.20881671,0.899004326
Wild Forest,1082,118,40,31266,2.823664501,5.956587582,9.280742459,3.236042973
Kaidro,36,4,0,12070,0.093948172,0.201918223,0,1.249249622
