Game,View Count,Like Count,Comment Count,Subscriber Count,SoV_Views,SoV_Likes,SoV_Comments,SoV_Subscriber
Axie Infinity,117335,3746,1156,1224963,55.40497787767321,48.35420162643604,46.78267907729664,46.77854140484213
Pixels Online,66160,2668,953,897705,31.24040854294848,34.43913773073447,38.56738162687171,34.28130524092058
Apeiron,23623,1218,209,362716,11.154657965690324,15.72221505098748,8.458114123836504,13.85129626298812
The Machines Arena,2437,28,118,74114,1.150738748778196,0.3614302310571834,4.7753945770942945,2.8302445197760826
Battle Bears,2222,87,35,59145,1.0492168649097873,1.123015361,1.416430595,2.2586125714730874
