Game,View Count,Like Count,Comment Count,Subscriber Count,SoV_Views,SoV_Likes,SoV_Comments,SoV_Subscriber
Axie Infinity,107220,4432,1065,1250252,85.65950308,81.95266272,75.42492918,67.63610239
Apeiron,14371,832,317,523507,11.48118559,15.38461538,22.45042493,28.320669
Pixels Online,3141,121,30,72975,2.509387233,2.237426036,2.124645892,3.947799781
Battle Bears,365,16,0,834,0.291603419,0.295857988,0,0.045118
The Machines Arena,73,7,0,930,0.058320684,0.12943787,0,0.050311
