Game,View Count,Like Count,Comment Count,Subscriber Count,SoV_Views,SoV_Likes,SoV_Comments,SoV_Subscriber
Axie Infinity,171020,5921,1986,1836565,65.57339335,59.9959469,65.05076973,46.32749364
Pixels Online,49702,1822,416,1059011,19.05700384,18.46185024,13.6259417,26.71363408
The Machines Arena,22059,1037,404,523340,8.457978505,10.50765022,13.23288569,13.20129183
Apeiron,13680,814,170,460104,5.245257988,8.248049448,5.568293482,11.60615885
Wild Forest,4346,275,77,85289,1.666366317,2.786503192,2.522109401,2.151421597
