Game,View Count,Like Count,Comment Count,Subscriber Count,SoV_Views,SoV_Likes,SoV_Comments,SoV_Subscriber
Axie Infinity,244624,9785,3083,2695679,54.01304488,54.18350961,60.58164669,40.65806029
Pixels Online,112934,4345,922,2098952,24.93585752,24.06002547,18.11750835,31.65781866
Apeiron,94872,3914,1082,1835182,20.94776307,21.67340384,21.26154451,27.6794605
The Machines Arena,468,15,2,309,0.103334526,0.083061078,0.039300452,0.004660548
