Game,View Count,Like Count,Comment Count,Subscriber Count,SoV_Views,SoV_Likes,SoV_Comments,SoV_Subscriber
Axie Infinity,13617,631,109,383330,77.48819211,72.11428571,76.22377622,55.62859896
Apeiron,1756,103,18,33019,9.992602288,11.77142857,12.58741259,4.791695691
Pixels Online,1170,61,5,139383,6.65794116,6.971428571,3.496503497,20.22716982
Wild Forest,757,73,11,86506,4.307744836,8.342857143,7.692307692,12.55369416
The Machines Arena,273,7,0,46850,1.553519604,0.8,0,6.798841367
