Game,View Count,Like Count,Comment Count,Subscriber Count,SoV_Views,SoV_Likes,SoV_Comments,SoV_Subscriber
Axie Infinity,57390,2123,843,820537,61.30951745,53.82860041,75.20071365,41.98200355
Pixels Online,23889,886,72,480608,25.52052731,22.46450304,6.422836753,24.58985611
Apeiron,10346,545,139,635124,11.05259222,13.81845842,12.39964318,32.49552187
The Machines Arena,1973,389,35,17738,2.107748352,9.863083164,3.12221231,0.90754808
Battle Bears,9,1,32,490,0.009614666,0.02535497,2.854594112,0.025070389
