Game,View Count,Like Count,Comment Count,Subscriber Count,SoV_Views,SoV_Likes,SoV_Comments,SoV_Subscriber
Pixels,18283,643,161,86521,52.7100271,44.13177763,53.84615385,13.59909843
Axie Infinity,13617,631,109,383330,39.25791386,43.30816747,36.4548495,60.25060277
Apeiron,1756,103,18,33019,5.062561264,7.069320522,6.02006689,5.189822484
Wild Forest,757,73,11,86506,2.182436718,5.010295127,3.678929766,13.59674078
The Machines Arena,273,7,0,46850,0.787061062,0.480439259,0,7.363735528
