Game,View Count,Like Count,Comment Count,Subscriber Count,SoV_Views,SoV_Likes,SoV_Comments,SoV_Subscriber
Axie Infinity,175244,6729,2185,2180750,71.20526917,68.76852325,77.01797674,55.60034348
Pixels Online,57242,2624,431,1274345,23.25861095,26.81655595,15.19210434,32.49066592
Apeiron,5595,244,41,283110,2.273364458,2.493612672,1.445188579,7.218164963
Battle Bears,4776,120,17,138300,1.940587784,1.226366888,0.599224533,3.526093089
Kaidro,1993,53,52,28500,0.809797205,0.541645376,1.832922101,0.726635235
The Machines Arena,1261,15,111,17183,0.512370434,0.153295861,3.912583715,0.438097307
