Game,View Count,Like Count,Comment Count,Subscriber Count,SoV_Views,SoV_Likes,SoV_Comments,SoV_Subscriber
Pixels,44209,1676,400,0,59.52470715,51.93678339,42.82655246,0
Axie Infinity,23498,1240,408,0,31.63861586,38.42578246,43.68308351,0
Pixel Heroes,2304,94,54,0,3.102194695,2.912922219,5.781584582,0
Wild Forest,2084,129,53,0,2.805978188,3.997520917,5.674518201,0
Apeiron,948,19,8,0,1.276423859,0.588782151,0.856531049,0
Runiverse,795,44,7,0,1.070418742,1.363495507,0.749464668,0
Lumiterra,417,21,4,0,0.561464925,0.650759219,0.428265525,0
Party Icons,14,4,0,0,0.018850141,0.123954137,0,0
The Machines Arena,1,0,0,0,0.001346439,0,0,0
