Game,View Count,Like Count,Comment Count,Subscriber Count,SoV_Views,SoV_Likes,SoV_Comments,SoV_Subscriber
Axie Infinity,156206,6141,1688,3018012,80.52395264,74.13085466,72.72727273,75.85498635
Pixels Online,30671,1650,501,579076,15.8108533,19.91791405,21.58552348,14.55454852
Apeiron,4206,308,68,169980,2.168186528,3.718010623,2.92977165,4.272292681
Wild Forest,1778,102,46,134782,0.916556264,1.231289232,1.981904352,3.387622969
The Machines Arena,1110,81,18,76685,0.572203292,0.977788508,0.77552779,1.92740772
Battle Bears,16,2,0,125,0.008247975,0.024142926,0,0.003141761
