Game,View Count,Like Count,Comment Count,Subscriber Count,SoV_Views,SoV_Likes,SoV_Comments,SoV_Subscriber
Apeiron,55669,2112,682,562162,42.58514121,39.39563514,36.43162393,29.59560469
Axie Infinity,40866,1806,732,776519,31.26128331,33.68774482,39.1025641,40.88065247
Pixels Online,33632,1438,354,560436,25.72748692,26.82335385,18.91025641,29.50473762
The Machines Arena,557,5,104,361,0.426088553,0.093266182,5.555555556,0.019005221
