Game,View Count,Like Count,Comment Count,Subscriber Count,SoV_Views,SoV_Likes,SoV_Comments,SoV_Subscriber
Wild Forest,253376,11882,3024,3288750,57.48537773,64.90768054,61.25177233,56.1651247
Axie Infinity,102361,3094,988,1267353,23.22343375,16.90156233,20.01215313,21.64379758
Pixels Online,57191,1980,663,847421,12.97536561,10.81612586,13.42920802,14.47221775
Apeiron,25094,1246,204,351863,5.693270352,6.806511526,4.132064006,6.009100501
The Machines Arena,1822,32,7,56869,0.413371267,0.174806075,0.14178651,0.971206226
Battle Bears,922,72,51,43246,0.209181289,0.393313668,1.033016002,0.738553244
