Game,View Count,Like Count,Comment Count,Subscriber Count,SoV_Views,SoV_Likes,SoV_Comments,SoV_Subscriber
Axie Infinity,73282,4854,718,805172,62.25639283,72.07126949,65.15426497,49.36471073
Pixels Online,25097,983,164,445766,21.32104324,14.59539718,14.88203267,27.32970054
Apeiron,19331,898,220,380129,16.42256393,13.33333333,19.96370236,23.30552742
The Machines Arena,0,0,0,1,0,0,0,6.13E-05
