Game,View Count,Like Count,Comment Count,Subscriber Count,SoV_Views,SoV_Likes,SoV_Comments,SoV_Subscriber
Axie Infinity,222567,8784,2748,2352755,67.24484863,69.52667405,69.32391524,54.70570359
Pixels Online,77738,2354,730,1457168,23.48721977,18.63226215,18.41574168,33.88172618
The Machines Arena,18814,910,328,165787,5.68433138,7.202786133,8.274470232,3.854840169
Apeiron,11827,582,154,324919,3.573327694,4.606617065,3.884964682,7.554939849
Battle Bears,34,4,4,120,0.010272524,0.031660598,0.100908174,0.002790212
