Game,View Count,Like Count,Comment Count,Subscriber Count,SoV_Views,SoV_Likes,SoV_Comments,SoV_Subscriber
Axie Infinity,39157,1734,473,621366,53.41217553,54.00186858,70.49180328,53.63464985
Pixels Online,27154,1115,93,396648,37.03946202,34.72438493,13.85991058,34.23759361
Apeiron,6606,336,101,139792,9.010926055,10.4640299,15.05216095,12.06647124
The Machines Arena,394,26,4,710,0.537436401,0.809716599,0.596125186,0.061285299
