Game,View Count,Like Count,Comment Count,Subscriber Count,SoV_Views,SoV_Likes,SoV_Comments,SoV_Subscriber
Axie Infinity,65109,2843,853,790048,70.35996412,71.16395494,78.11355311,62.6249351
Pixels Online,17385,767,171,144806,18.78707976,19.19899875,15.65934066,11.47837391
Apeiron,9871,370,64,318495,10.66708452,9.261576971,5.860805861,25.24622391
The Machines Arena,122,10,3,869,0.131839156,0.250312891,0.274725275,0.068883243
Battle Bears,50,5,1,7337,0.054032441,0.125156446,0.091575092,0.581583839
