Game,View Count,Like Count,Comment Count,Subscriber Count,SoV_Views,SoV_Likes,SoV_Comments,SoV_Subscriber
Axie Infinity,173411,6229,1949,1958333,71.11000849,67.81709309,65.88911427,57.0739063
Pixels Online,60852,2679,790,1161733,24.95335496,29.1671203,26.70723462,33.85769447
Battle Bears,4882,120,17,138500,2.001943714,1.306477953,0.574712644,4.036461635
Kaidro,2420,82,68,28742,0.992360465,0.892759935,2.298850575,0.837660508
The Machines Arena,1488,34,115,19288,0.610178666,0.370168753,3.887762001,0.562131928
Apeiron,810,41,19,124627,0.332153709,0.446379967,0.642325896,3.632145156
