Game,View Count,Like Count,Comment Count,Subscriber Count,SoV_Views,SoV_Likes,SoV_Comments,SoV_Subscriber
Axie Infinity,55900,2516,1028,918407,73.53715007,74.63660635,80.50117463,72.80173569
Pixels Online,13138,643,156,247962,17.28320354,19.07445862,12.21613156,19.6558432
Apeiron,6051,118,39,77961,7.960166281,3.500444972,3.05403289,6.179935601
The Machines Arena,860,89,40,14951,1.13134077,2.640166123,3.132341425,1.185159467
Battle Bears,67,5,14,2237,0.088139339,0.148323939,1.096319499,0.177326047
