Game,View Count,Like Count,Comment Count,Subscriber Count,SoV_Views,SoV_Likes,SoV_Comments,SoV_Subscriber
Axie Infinity,202915,7252,2336,2118767,74.48636108,67.14814815,78.38926174,50.23406813
Pixels Online,50139,2466,371,1227176,18.4051039,22.83333333,12.44966443,29.09524398
Apeiron,16876,967,163,839161,6.194868934,8.953703704,5.469798658,19.89575581
The Machines Arena,2249,107,105,21942,0.825566499,0.990740741,3.523489933,0.52022517
Kaidro,216,6,4,10700,0.079289624,0.055555556,0.134228188,0.253687418
Battle Bears,24,2,1,43,0.008809958,0.018518519,0.033557047,0.001019491
