Game,View Count,Like Count,Comment Count,Subscriber Count,SoV_Views,SoV_Likes,SoV_Comments,SoV_Subscriber
Pixels,87949,4099,1001,846451,71.05956305,65.33312082,52.62881178,41.33854788
Axie Infinity,21172,1144,428,452885,17.10619869,18.23398151,22.50262881,22.11776967
Lumiterra,9505,739,378,267674,7.679691035,11.77876953,19.87381703,13.07252808
Kaidro,3246,187,34,178821,2.622648827,2.98055467,1.787592008,8.733169988
Party Icons,1107,70,52,257707,0.894415358,1.115715652,2.733964248,12.58576475
The Machines Arena,357,8,4,14500,0.288442893,0.12751036,0.210304942,0.708143701
Runiverse,288,15,1,22087,0.232693426,0.239081925,0.052576236,1.078673788
Wild Forest,112,11,4,7247,0.090491888,0.175326745,0.210304942,0.353925338
Apeiron,32,1,0,235,0.025854825,0.015938795,0,0.011476812
