Game,View Count,Like Count,Comment Count,Subscriber Count,SoV_Views,SoV_Likes,SoV_Comments,SoV_Subscriber
Axie Infinity,190569,7813,2622,1939582,48.49182681,52.15969023,66.22884567,33.3807534
Pixels Online,138707,5007,756,2132417,35.29512051,33.42679752,19.09573125,36.69949815
Apeiron,54937,2040,567,1731525,13.97916497,13.61906669,14.32179843,29.80003373
The Machines Arena,8779,119,14,6956,2.233887713,0.794445557,0.353624653,0.119714722
,,,,,,,,
