Game,View Count,Like Count,Comment Count,Subscriber Count,SoV_Views,SoV_Likes,SoV_Comments,SoV_Subscriber
Axie Infinity,190176,7363,2229,1893995,71.05027198,78.20499203,79.43692088,54.06864795
Pixels Online,56447,1436,311,1039778,21.08875306,15.25225704,11.08339273,29.68296676
Apeiron,11755,286,76,475307,4.391700042,3.037705789,2.708481825,13.56878284
The Machines Arena,9279,329,190,93834,3.466659693,3.494423792,6.771204562,2.678717479
Battle Bears,7,1,0,31,0.002615219,0.010621349,0,0.00088497
,,,,,,,,
,,,,,,,,
