Game,View Count,Like Count,Comment Count,Subscriber Count,SoV_Views,SoV_Likes,SoV_Comments,SoV_Subscriber
Pixels,27750,1354,340,400794,24.21909774,21.67787384,15.56064073,12.05307764
Party Icons,26206,1639,768,866211,22.87155587,26.24079411,35.14874142,26.04956271
Pixel Heroes,25943,1057,509,1207289,22.64201992,16.92283061,23.29519451,36.30680113
Axie Infinity,20804,950,219,453199,18.15690484,15.20973423,10.0228833,13.62905316
The Machines Arena,10700,965,190,211055,9.338534985,15.44988793,8.695652174,6.347056846
Lumiterra,2022,209,131,107375,1.764721284,3.346141531,5.995423341,3.229088289
Apeiron,894,47,18,23864,0.780247689,0.752481588,0.823798627,0.717662053
Wild Forest,255,23,7,55451,0.222553871,0.368235671,0.320366133,1.667577879
Kaidro,5,2,3,4,0.004363801,0.032020493,0.137299771,0.000120292
