Game,View Count,Like Count,Comment Count,Subscriber Count,SoV_Views,SoV_Likes,SoV_Comments,SoV_Subscriber
Axie Infinity,25073,1489,368,466629,74.5709782,77.39085239,84.21052632,52.127883
Pixels Online,4533,241,27,165414,13.48184279,12.52598753,6.178489703,18.47866643
The Machines Arena,2892,31,3,147541,8.601255093,1.611226611,0.686498856,16.48204459
Wild Forest,1048,158,39,95224,3.116914017,8.212058212,8.924485126,10.6376276
Apeiron,77,5,0,20354,0.229009904,0.25987526,0,2.273778378
