Game,View Count,Like Count,Comment Count,Subscriber Count,SoV_Views,SoV_Likes,SoV_Comments,SoV_Subscriber
Axie Infinity,79329,2897,622,1136719,72.31383488,70.11132623,67.24324324,58.81124323
Apeiron,21069,794,212,514959,19.20584133,19.21587609,22.91891892,26.64280178
Pixels Online,9273,438,91,275488,8.452976728,10.60019361,9.837837838,14.25311953
Battle Bears,20,1,0,3620,0.018231374,0.024201355,0,0.187290527
The Machines Arena,10,2,0,2040,0.009115687,0.048402711,0,0.105544938
