Game,View Count,Like Count,Comment Count,Subscriber Count,SoV_Views,SoV_Likes,SoV_Comments,SoV_Subscriber
Pixels Online,82133,2611,532,597459,54.66131587,41.83624419,29.40851299,29.15173605
Axie_Infinity,65071,3516,1232,1420503,43.30618004,56.33712546,68.10392482,69.31041045
Apeiron,3031,111,43,31135,2.017197088,1.778561128,2.37700387,1.519165837
Battle_Bears,23,3,2,383,0.015307005,0.04806922,0.11055832,0.018687667
