Game,View Count,Like Count,Comment Count,Subscriber Count,SoV_Views,SoV_Likes,SoV_Comments,SoV_Subscriber
Axie Infinity,208338,8377,2722,2459679,74.33925774,72.51558172,78.85283893,55.65276199
Pixels Online,53029,2477,436,1586434,18.92183135,21.44217452,12.63035921,35.89469757
Apeiron,11260,455,100,316489,4.017798204,3.938711911,2.896871379,7.16088847
The Machines Arena,6117,197,145,39351,2.182670658,1.70533241,4.200463499,0.890356765
Kaidro,1485,44,48,17700,0.52987836,0.380886427,1.390498262,0.400480667
Battle Bears,24,2,1,36,0.008563691,0.017313019,0.028968714,0.000814537
