Game,View Count,Like Count,Comment Count,Subscriber Count,SoV_Views,SoV_Likes,SoV_Comments,SoV_Subscriber
Pixel Heroes,92942,3852,1448,1516622,50.680248,45.45132743,57.39199366,38.57338043
Pixels,56143,2619,550,1269897,30.61415897,30.90265487,21.79944511,32.29823917
Axie Infinity,25146,1264,361,405660,13.71183659,14.91445428,14.30836306,10.31745386
Party Icons,3355,255,64,343192,1.829444514,3.008849558,2.536662703,8.728658543
Lumiterra,2427,198,61,96950,1.323416344,2.336283186,2.417756639,2.465801784
Runiverse,2310,158,13,205916,1.259617534,1.864306785,0.515259612,5.237215473
Kaidro,691,86,9,55250,0.376794682,1.014749263,0.356718193,1.405214529
The Machines Arena,348,41,17,18397,0.189760564,0.483775811,0.673801031,0.467904646
Apeiron,27,2,0,19900,0.014722802,0.02359882,0,0.506131568
