Game,View Count,Like Count,Comment Count,Subscriber Count,SoV_Views,SoV_Likes,SoV_Comments,SoV_Subscriber
Axie Infinity,180348,6455,1927,3028995,71.05378242,64.42758758,64.81668348,74.50892657
Pixels Online,27940,1612,548,266423,11.00784417,16.08943008,18.4325597,6.553623147
Wild Forest,24855,746,112,133363,9.792411128,7.44585288,3.76723848,3.280538256
The Machines Arena,17612,1070,351,516089,6.938802848,10.67970855,11.80625631,12.69504816
Apeiron,3064,136,35,120408,1.207159433,1.3574209,1.177262025,2.961863863
