Game,View Count,Like Count,Comment Count,Subscriber Count,SoV_Views,SoV_Likes,SoV_Comments,SoV_Subscriber
Axie Infinity,44687,2067,623,775677,35.95121441,25.95755369,52.61824324,40.59369981
Pixels Online,38946,1551,244,802437,31.33251273,19.47758383,20.60810811,41.99413763
Apeiron,38534,4235,303,312646,31.00105391,53.18347357,25.59121622,16.36178186
The Machines Arena,2132,110,14,20071,1.715218948,1.381388924,1.182432432,1.050380698
