Game,View Count,Like Count,Comment Count,Subscriber Count,SoV_Views,SoV_Likes,SoV_Comments,SoV_Subscriber
Pixels,23886,1421,364,471428,48.29064149,55.24883359,56.43410853,52.99957054
Axie Infinity,22024,1035,229,382114,44.52621151,40.24105754,35.50387597,42.95858095
Wild Forest,2152,59,25,23261,4.350726806,2.293934681,3.875968992,2.615082283
The Machines Arena,1195,47,23,5142,2.415947274,1.827371695,3.565891473,0.578081471
Apeiron,206,10,4,7549,0.416472919,0.388802488,0.620155039,0.848684758
,49463,2572,645,889494,,,,
