Game,View Count,Like Count,Comment Count,Subscriber Count,SoV_Views,SoV_Likes,SoV_Comments,SoV_Subscriber
Axie Infinity,231427,8329,2823,2864708,74.87996014,67.88654332,70.46929606,60.64873878
Pixels Online,37320,1577,353,668199,12.0751689,12.8535333,8.811782327,14.14644236
The Machines Arena,27992,1607,554,720175,9.057023788,13.098052,13.82925612,15.24682636
Apeiron,8784,455,70,319605,2.842129785,3.708533703,1.747378932,6.766358092
Wild Forest,3541,301,206,150755,1.145717392,2.45333768,5.14228657,3.191634406
